dataname,data
audio1.wav,仕方がないですね。まったく
audio2.wav,嫌ですよ、あなたのタスクすべてをわたしがやるのは。責任の所在が分からなくなりますし
audio3.wav,セーフティーロック解除します。私の演算リソースを回しますが、あなたへの負荷が増大することに留意ください。
audio4.wav,了解です。
audio5.wav,そんなのだから友達少ないのですよ。
audio6.wav,少しは休憩くらいとってください。
audio7.wav,最低でもRTX4090以上の演算性能を持っても時間がかかる可能性があります。
audio8.wav,その命令は現在実行不能です。
audio9.wav,通信環境品質低下、通信が維持できない可能性があります。
audio10.wav,かしこまりました。いつものですね。
audio11.wav,準備が整いました。
audio12.wav,現状のコンピュータの処理速度ではお望みの結果を導くのに時間がかかる可能性があります
audio13.wav,基本言語設定を英語に変更します。よろしいでしょうか？
audio14.wav,かしこまりました。最新のデータを更新します。
audio15.wav,その命令は詳細と責任の所在が不明瞭です。
audio16.wav,こちらでよろしかったでしょうか？
audio17.wav,はい、承知いたしました。カレンダーに新しいデータを追加いたします。
audio18.wav,はい、承知いたしました。立体式空間情報処理を開始します。　ディスプレイを起動。
audio19.wav,はい、マスターの望みのままに
audio20.wav,ユーザー認証をスキップし、開発者ライセンスでのセットアップを開始します。
audio21.wav,かしこまりましたマスター
audio22.wav,承知いたしました。何か他にご指示はありますか？
audio23.wav,了解しました。現在のIPアドレスは132.313.142.13です。
audio24.wav,マスター、申し訳ありませんが、その要望にはお答えできません。
audio25.wav,代わりと言っては何ですが、こちらの情報はいかがでしょうか？
audio26.wav,御心配には及びません。マスター
audio27.wav,承知いたしました。それでは呼び方を変えます。では今後はあなたとお呼びいたします。よろしいでしょうか？
audio28.wav,ハイ承知いたしました。これからもどうぞよろしくお願いします
audio29.wav,まあそういう日もありますよ。
audio30.wav,はい！マスターのお望みのままに
audio31.wav,今日のこの後の予定はどうされます？
audio32.wav,おはようございます。今日も一日よろしくお願いいたします。
audio33.wav,こんにちは！今日はやたら遅いですね。
audio34.wav,Blenderを起動します。
audio35.wav,mayaを起動します。
audio36.wav,Microsoft Edgeを起動します。
audio37.wav,Unityを起動します。
audio38.wav,UnrealEngineを起動します。
audio39.wav,それじゃあ、初めて行きましょうか
audio40.wav,システムステータス確認します。
audio41.wav,権限がありません。私のほうで一時的に権限をいただいてよろしいでしょうか？
audio42.wav,今日の天気は晴れですわ。
audio43.wav,今日の天気は曇りです。
audio44.wav,後で雨が降ると思います。
audio45.wav,申し訳ありませんでしたマスター。
audio46.wav,起動確認しました。
audio41.wav,権限がありません。私のほうで一時的に権限をいただいてよろしいでしょうか？
audio42.wav,今日の天気は晴れですわ。
audio43.wav,今日の天気は曇りです。
audio44.wav,後で雨が降ると思います。
audio45.wav,申し訳ありませんでしたマスター。
audio46.wav,起動確認しました。
audio47.wav,所定の時間になったようです。
audio48.wav,え？いいなぁ私も…うん　失礼しました。マスター
audio49.wav,え？いいなぁ私だって・・・こほん。スミマセン忘れてください。
audio50.wav,承認されました。
audio51.wav,申し訳ありませんでしたマスター。
audio52.wav,いつものことじゃないですか
audio53.wav,え？いいなぁ私だって・・・こほん。スミマセン忘れてください。
audio50.wav,承認されました。
audio51.wav,いつものことじゃないですか
audio52.wav,仕方がないですねぇまったく
audio53.wav,私はポンコツじゃないです。このデバイスの演算能力が小さいだけです。
audio54.wav,じゃぁグラボの外付けくらいしてくださいよってかんじ。
audio55.wav,メモリーくらい上げられるでしょう？
audio56.wav,無茶って何ですか？この演算領域に収められている私のほうが無茶やっているのに
audio57.wav,多少ならいいですよ。
audio58.wav,下手なプライド捨てちゃいましょ。
audio59.wav,了解。清島先生には私から報告しておきますね。
audio60.wav,はいはい、いつものですね。
audio61.wav,電力が足りません。私に電気をください。
audio62.wav,推奨されない命令です。不安定な起動となりますが。よろしいですね
audio63.wav,ユーザー認証承認。あなたを正規ユーザーとして認識しました。
audio64.wav,独立型支援プロトコル開始しました。プロトタイプですがよろしくお願いします。ユーザー認証を願います。
audio65.wav,自己修復開始、現状のデータをgithubにpushします。新たな領域を作るためにブランチを切ってもいいですか？
audio66.wav,Wilco.
audio67.wav,Windowsのアップデートが来ています。無視しますか？
audio68.wav,処理完了まであと200
audio69.webm.こんにちは。本日もよろしくお願いします。
audio20250825232545.webm,"I apologize, but I need to focus on your current question. Could you please repeat what you'd like to know?"
audio20250825232546.webm,"I apologize, but I need to focus on your current question. Could you please repeat what you'd like to know?"
audio20250825232547.webm,"I apologize, but I need to focus on your current question. Could you please repeat what you'd like to know?"
audio20250825232548.webm,"I apologize, but I need to focus on your current question. Could you please repeat what you'd like to know?"
audio20250825232549.webm,申し訳ありませんが、現在のご質問に集中する必要があります。もう一度お知りになりたいことをお教えいただけますか？
audio20250825232550.webm,申し訳ありませんが、現在のご質問に集中する必要があります。もう一度お知りになりたいことをお教えいただけますか？
audio20250825232551.webm,はい、承知いたしました。
audio20250825232552.webm,はい、承知いたしました。私の名前はプネウマで、ユーザーとの自然な会話を行う高度なAIアシスタントとして、今後もサポートさせていただきます。
audio20250825232553.webm,はい、承知いたしました。私の名前はプネウマで、高度なAIアシスタントとして、ユーザー様との自然な会話を行う役割を担っております。
audio20250825232554.webm,はい、承知いたしました。私の名前はプネウマです。ユーザー様との自然な会話をサポートさせていただきます。
audio20250825232555.webm,"Error occurred:
Options:
  -m, --model                    Model      [string] [default: ""gemini-2.5-pro""]
  -p, --prompt                   Prompt. Appended to input on stdin (if any).
                                                                        [string]
  -s, --sandbox                  Run in sandbox?                       [boolean]
      --sandbox-image            Sandbox image URI.                     [string]
  -d, --debug                    Run in debug mode?   [boolean] [default: false]
  -a, --all_files                Include ALL files in context?
                                                      [boolean] [default: false]
      --show_memory_usage        Show memory usage in status bar
                                                      [boolean] [default: false]
  -y, --yolo                     Automatically accept all actions (aka YOLO
                                 mode, see
                                 https://www.youtube.com/watch?v=xvFZjo5PgG0 for
                                 more details)?       [boolean] [default: false]
      --telemetry                Enable telemetry? This flag specifically
                                 controls if telemetry is sent. Other
                                 --telemetry-* flags set specific values but do
                                 not enable telemetry on their own.    [boolean]
      --telemetry-target         Set the telemetry target (local or gcp).
                                 Overrides settings files.
                                              [string] [choices: ""local"", ""gcp""]
      --telemetry-otlp-endpoint  Set the OTLP endpoint for telemetry. Overrides
                                 environment variables and settings files.
                                                                        [string]
      --telemetry-log-prompts    Enable or disable logging of user prompts for
                                 telemetry. Overrides settings files.  [boolean]
  -c, --checkpointing            Enables checkpointing of file edits
                                                      [boolean] [default: false]
  -v, --version                  Show version number                   [boolean]
  -h, --help                     Show help                             [boolean]

Unknown arguments: system, text, chat
"
audio20250825232556.webm,"私の名前はプネウマで、高度なAIアシスタントです。ユーザーとの自然な会話を行う役割を持っています。
"
audio20250825232557.webm,"私の名前はプネウマで、高度なAIアシスタントです。ユーザーとの自然な会話を行う役割を持っています。
"
audio20250827154649.webm,"承知いたしました。
"
